{"train/loss_step": 0.43989914655685425, "train/acc_step": 0.796875, "epoch": 6, "trainer/global_step": 359, "_timestamp": 1737654883.965327, "_runtime": 145.11431312561035, "_step": 47, "val/loss": 0.9604267477989197, "val/acc": 0.6000000238418579, "train/loss_epoch": 0.45591801404953003, "train/acc_epoch": 0.7813078761100769}